age,weight,ap_hi,ap_lo,cholesterol,gluc,target,gb_pre,match
59.34246575,41,110,70,3,3,no,no,TRUE
43.86575342,96,130,80,1,3,no,no,TRUE
53.31780822,57,130,80,2,2,yes,yes,TRUE
60.42465753,78,120,90,2,2,no,no,TRUE
39.4630137,94,130,90,2,1,yes,yes,TRUE
59.60821918,91,120,80,1,3,no,no,TRUE
61.31780822,81,120,80,1,2,yes,yes,TRUE
62.70684932,67,120,80,1,1,yes,yes,TRUE
60.04931507,90,120,90,1,3,no,no,TRUE
62.71232877,70,120,80,1,1,yes,yes,TRUE
