age,weight,ap_hi,ap_lo,cholesterol,gluc,target,nb_pre,match
49.96164384,80,130,90,2,2,no,no,TRUE
47.67945205,101,160,100,2,1,no,no,TRUE
63.55890411,79,160,100,2,1,no,no,TRUE
55.77534247,90,160,90,2,1,no,no,TRUE
48.24383562,84,130,70,2,2,no,no,TRUE
53.91506849,66,140,90,2,2,no,no,TRUE
63.73150685,92,120,80,1,2,no,no,TRUE
49.31506849,81,130,90,2,2,no,no,TRUE
