age,weight,ap_hi,ap_lo,cholesterol,gluc,target,gb_pre,match
62.08219178,52,15,80,1,1,yes,yes,TRUE
59.52876712,162,120,80,1,1,no,no,TRUE
45.84931507,71,100,70,3,1,no,no,TRUE
49.8739726,50,130,90,2,2,yes,yes,TRUE
57.9890411,119,120,80,1,1,no,no,TRUE
59.55342466,90,120,80,2,1,no,no,TRUE
