,age,weight,ap_hi,ap_lo,cholesterol,gluc,target
1653,60.37534247,92,120,80,1,1,yes
2601,61.1369863,64,130,80,2,2,no
2659,50.1890411,84,120,80,2,1,yes
2941,53.81643836,70,120,70,1,1,yes
3034,41.48219178,63,120,80,3,2,no
3211,51.47671233,59,130,90,3,1,no
3318,47.97534247,70,129,79,1,1,yes
3603,50.18356164,82,130,90,2,2,no
4381,49.47945205,78,130,90,1,3,no
4729,41.81643836,113,120,90,1,1,yes
4905,51.23561644,65,130,80,1,1,yes
5023,61.71232877,88,120,80,2,1,no
