,age,weight,ap_hi,ap_lo,cholesterol,gluc,target
616,42.30410959,89,130,90,1,1,yes
1133,62.49315068,89,110,70,2,1,no
4108,63.9890411,63,110,80,2,2,no
