,age,weight,ap_hi,ap_lo,cholesterol,gluc,target
179,56.29863014,53,120,80,1,1,yes
706,53.38356164,75,140,90,3,3,no
2684,43.67671233,74,130,80,1,2,yes
