,age,weight,ap_hi,ap_lo,cholesterol,gluc,target
193,54,58,120,80,1,1,yes
4281,47.87671233,77,130,80,1,1,yes
4375,54.06849315,102,130,80,2,2,no
