,age,weight,ap_hi,ap_lo,cholesterol,gluc,target
273,48.1890411,111,120,70,1,1,yes
1330,62.20273973,74,110,60,1,1,yes
2427,58.29315068,74,120,80,1,2,yes
2547,48.39452055,110,120,80,1,1,yes
4586,52.46849315,65,120,80,1,2,yes
4808,58.06027397,83,120,80,1,2,yes
