,age,weight,ap_hi,ap_lo,cholesterol,gluc,target
960,59.34246575,41,110,70,3,3,no
1023,43.86575342,96,130,80,1,3,no
1379,53.31780822,57,130,80,2,2,yes
1559,60.42465753,78,120,90,2,2,no
2560,39.4630137,94,130,90,2,1,yes
3499,59.60821918,91,120,80,1,3,no
3619,61.31780822,81,120,80,1,2,yes
4402,62.70684932,67,120,80,1,1,yes
4454,60.04931507,90,120,90,1,3,no
4916,62.71232877,70,120,80,1,1,yes
