,age,weight,ap_hi,ap_lo,cholesterol,gluc,target
511,57.96712329,74,120,70,1,1,yes
1535,49.62191781,74,130,80,1,1,yes
1712,47.42191781,88,120,80,2,1,yes
3246,47.65753425,77,130,80,1,1,yes
