,age,weight,ap_hi,ap_lo,cholesterol,gluc,target
4259,52.09315068,60,110,80,3,1,no
4348,50.24657534,71,120,80,3,1,no
