,age,weight,ap_hi,ap_lo,cholesterol,gluc,target
1701,62.08219178,52,15,80,1,1,yes
1861,59.52876712,162,120,80,1,1,no
2583,45.84931507,71,100,70,3,1,no
3150,49.8739726,50,130,90,2,2,yes
4480,57.9890411,119,120,80,1,1,no
4839,59.55342466,90,120,80,2,1,no
